{
    "plugins": [
        "mobi.monaca.plugins.Monaca@3.0.0"
    ],
    "framework_version": "3.5",
    "xcode_version": "7",
    "cordova_version": "6.2",
    "plugin_settings": {
        "cordova-plugin-crosswalk-webview": {
            "variables": [
                "XWALK_VERSION=18.48.477.13"
            ]
        }
    },
    "external_plugins": [
        "cordova-plugin-splashscreen@3.2.2",
        "cordova-plugin-camera@2.2.0",
        "cordova-plugin-whitelist@1.2.2"
    ],
    "title-ja": "",
    "title-en": "",
    "description-ja": "",
    "description-en": "",
    "category": "User Template",
    "platform": [],
    "name": "generated-1476934561-58083b0d7e2193e1087653b3"
}