{
    "name": "付録_位置情報取得機能_ひな形",
    "cordova": {
        "plugins": {
            "monaca-plugin-monaca-core": {},
            "cordova-plugin-whitelist": {},
            "cordova-plugin-splashscreen": {},
            "cordova-plugin-geolocation": {},
            "cordova-custom-config": {}
        }
    },
    "dependencies": {
        "monaca-plugin-monaca-core": "3.2.0",
        "cordova-plugin-whitelist": "1.3.3",
        "cordova-plugin-splashscreen": "5.0.1",
        "cordova-plugin-geolocation": "4.0.1",
        "cordova-custom-config": "5.0.2"
    }
}