[
{
"id": 0,
"name": "福寿草0",
"season": "春",
"date": "4月14日",
"desc": "白馬で春の訪れを告げる黄色い花は、福寿草です。タンポポより前に姿を現します。"
},
{
"id": 1,
"name": "福寿草1",
"season": "春",
"date": "4月14日",
"desc": "白馬で春の訪れを告げる黄色い花は、福寿草です。タンポポより前に姿を現します。"
},
{
"id": 2,
"name": "福寿草2",
"season": "春",
"date": "4月14日",
"desc": "白馬で春の訪れを告げる黄色い花は、福寿草です。タンポポより前に姿を現します。"
},
{
"id": 3,
"name": "福寿草3",
"season": "春",
"date": "4月14日",
"desc": "白馬で春の訪れを告げる黄色い花は、福寿草です。タンポポより前に姿を現します。"
},
{
"id": 4,
"name": "福寿草4",
"season": "春",
"date": "4月14日",
"desc": "白馬で春の訪れを告げる黄色い花は、福寿草です。タンポポより前に姿を現します。"
}
]