[
	{
		"name": "通行止め",
		"image": "1.png"
	},
	{
		"name": "車両通行止め",
		"image": "2.png"
	},
	{
		"name": "車両進入禁止",
		"image": "3.png"
	},
	{
		"name": "二輪の自動車以外の自動車通行止め",
		"image": "4.png"
	},
	{
		"name": "大型貨物自動車等の通行止め",
		"image": "5.png"
	},
	{
		"name": "大型乗用自動車通行止め",
		"image": "6.png"
	},
	{
		"name": "二輪の自動車・原動機付き自転車通行止め",
		"image": "7.png"
	},
	{
		"name": "大型自動二輪自動車および普通自動二輪車二人乗り通行禁止",
		"image": "8.png"
	},
	{
		"name": "自転車以外の軽車両通行止め",
		"image": "9.png"
	},
	{
		"name": "自転車通行止め",
		"image": "10.png"
	},
	{
		"name": "車両（組合せ）通行止め",
		"image": "11.png"
	},
	{
		"name": "指定方向外進行禁止1",
		"image": "12.png"
	},
	{
		"name": "指定方向外進行禁止2",
		"image": "13.png"
	},
	{
		"name": "指定方向外進行禁止3",
		"image": "14.png"
	},
	{
		"name": "指定方向外進行禁止4",
		"image": "15.png"
	},
	{
		"name": "指定方向外進行禁止5",
		"image": "16.png"
	},
	{
		"name": "指定方向外進行禁止6",
		"image": "17.png"
	},
	{
		"name": "車両横断禁止",
		"image": "18.png"
	},
	{
		"name": "転回禁止",
		"image": "19.png"
	},
	{
		"name": "追越しのための右側部分はみ出し通行禁止",
		"image": "20.png"
	},
	{
		"name": "駐停車禁止",
		"image": "21.png"
	},
	{
		"name": "駐車禁止",
		"image": "22.png"
	},
	{
		"name": "時間制限駐車区間",
		"image": "23.png"
	},
	{
		"name": "危険物積載車両通行止め",
		"image": "24.png"
	},
	{
		"name": "重量制限",
		"image": "25.png"
	},
	{
		"name": "高さ制限",
		"image": "26.png"
	},
	{
		"name": "最大幅",
		"image": "27.png"
	},
	{
		"name": "最高速度",
		"image": "28.png"
	},
	{
		"name": "最低速度",
		"image": "29.png"
	},
	{
		"name": "自動車専用",
		"image": "30.png"
	},
	{
		"name": "自転車専用",
		"image": "31.png"
	},
	{
		"name": "自転車および歩行者専用",
		"image": "32.png"
	},
	{
		"name": "歩行者専用",
		"image": "33.png"
	},
	{
		"name": "一方通行",
		"image": "34.png"
	},
	{
		"name": "車両通行区分",
		"image": "35.png"
	},
	{
		"name": "特定の種類の車両の通行区分",
		"image": "36.png"
	},
	{
		"name": "けん引自動車の高速自動車国道通行区分",
		"image": "37.png"
	},
	{
		"name": "専用通行帯",
		"image": "38.png"
	},
	{
		"name": "路線バス等優先通行帯",
		"image": "39.png"
	},
	{
		"name": "けん引自動車の自動車専用道路第一通行帯通行指定区間",
		"image": "40.png"
	},
	{
		"name": "進行方向別通行区分1",
		"image": "41.png"
	},
	{
		"name": "進行方向別通行区分2",
		"image": "42.png"
	},
	{
		"name": "進行方向別通行区分3",
		"image": "43.png"
	},
	{
		"name": "進行方向別通行区分4",
		"image": "44.png"
	},
	{
		"name": "原動機付自転車の右折方法（二段階）",
		"image": "45.png"
	},
	{
		"name": "原動機付自転車の右折方法（小回り）",
		"image": "46.png"
	},
	{
		"name": "警笛鳴らせ",
		"image": "47.png"
	},
	{
		"name": "徐行",
		"image": "48.png"
	},
	{
		"name": "一時停止",
		"image": "49.png"
	},
	{
		"name": "歩行者通行止め",
		"image": "50.png"
	},
	{
		"name": "歩行者横断禁止",
		"image": "51.png"
	},
	{
		"name": "並進可",
		"image": "52.png"
	},
	{
		"name": "軌道敷内通行可",
		"image": "53.png"
	},
	{
		"name": "駐車可",
		"image": "54.png"
	},
	{
		"name": "停車可",
		"image": "55.png"
	},
	{
		"name": "優先道路",
		"image": "56.png"
	},
	{
		"name": "中央線",
		"image": "57.png"
	},
	{
		"name": "停止線",
		"image": "58.png"
	},
	{
		"name": "横断歩道1",
		"image": "59.png"
	},
	{
		"name": "横断歩道2",
		"image": "60.png"
	},
	{
		"name": "自転車横断帯",
		"image": "61.png"
	},
	{
		"name": "横断歩道・自転車横断帯",
		"image": "62.png"
	},
	{
		"name": "安全地帯",
		"image": "63.png"
	},
	{
		"name": "規制予告",
		"image": "64.png"
	},
	{
		"name": "十字道路交差点あり",
		"image": "65.png"
	},
	{
		"name": "ト形道路交差点あり",
		"image": "66.png"
	},
	{
		"name": "逆ト形道路交差点あり",
		"image": "67.png"
	},
	{
		"name": "T型道路交差点あり",
		"image": "68.png"
	},
	{
		"name": "Y型道路交差点あり",
		"image": "69.png"
	},
	{
		"name": "ロータリーあり",
		"image": "70.png"
	},
	{
		"name": "右方屈曲あり",
		"image": "71.png"
	},
	{
		"name": "左方屈曲あり",
		"image": "72.png"
	},
	{
		"name": "右方屈折あり",
		"image": "73.png"
	},
	{
		"name": "左方屈折あり",
		"image": "74.png"
	},
	{
		"name": "右方背向屈曲あり",
		"image": "75.png"
	},
	{
		"name": "左方背向屈曲あり",
		"image": "76.png"
	},
	{
		"name": "右方背向屈折あり",
		"image": "77.png"
	},
	{
		"name": "左方背向屈折あり",
		"image": "78.png"
	},
	{
		"name": "右つづら折あり",
		"image": "79.png"
	},
	{
		"name": "左つづら折あり",
		"image": "80.png"
	},
	{
		"name": "踏切あり1",
		"image": "81.png"
	},
	{
		"name": "踏切あり2",
		"image": "82.png"
	},
	{
		"name": "学校、幼稚園、保育園などあり",
		"image": "83.png"
	},
	{
		"name": "信号機あり",
		"image": "84.png"
	},
	{
		"name": "すべりやすい",
		"image": "85.png"
	},
	{
		"name": "落石のおそれあり",
		"image": "86.png"
	},
	{
		"name": "路面に凹凸あり",
		"image": "87.png"
	},
	{
		"name": "合流交通あり",
		"image": "88.png"
	},
	{
		"name": "車線数減少",
		"image": "89.png"
	},
	{
		"name": "幅員減少",
		"image": "90.png"
	},
	{
		"name": "ニ方向通行",
		"image": "91.png"
	},
	{
		"name": "上り急こう配あり",
		"image": "92.png"
	},
	{
		"name": "下り急こう配あり",
		"image": "93.png"
	},
	{
		"name": "道路工事中",
		"image": "94.png"
	},
	{
		"name": "横風注意",
		"image": "95.png"
	},
	{
		"name": "動物が飛び出すおそれあり",
		"image": "96.png"
	},
	{
		"name": "その他の危険",
		"image": "97.png"
	}
]
