{
  "name": "fastclick",
  "main": "lib/fastclick.js",
  "ignore": [
    "**/.*",
    "component.json",
    "package.json",
    "Makefile",
    "tests",
    "examples"
  ],
  "homepage": "https://github.com/ftlabs/fastclick",
  "version": "1.0.6",
  "_release": "1.0.6",
  "_resolution": {
    "type": "version",
    "tag": "v1.0.6",
    "commit": "2ac7258407619398005ca720596f0d36ce66a6c8"
  },
  "_source": "git://github.com/ftlabs/fastclick.git",
  "_target": "1.0.6",
  "_originalSource": "fastclick",
  "_direct": true
}