{
    "plugins": [
        "mobi.monaca.plugins.Monaca",
        "org.apache.cordova.splashscreen"
    ],
    "framework_version": "3.5",
    "xcode_version": "6",
    "cordova_version": "4.1",
    "title-ja": "書籍サンプル4-4",
    "title-en": "Sample App 4-4 (Monaca Official Guide)",
    "description-ja": "「クラウドでできるHTML5ハイブリッドアプリ開発入門」にて解説されているサンプルアプリです。\r\n詳細については、https:\/\/ja.monaca.io\/book\/supportを参照してください。",
    "description-en": "This is a sample application used in the official guide book. \r\nPlease see https:\/\/ja.monaca.io\/book\/support (Japanese) for more information.\r\n",
    "category": "User Template",
    "platform": [
        "android",
        "ios"
    ],
    "name": "generated-1424417038-54e6d00ffd1734376f5ca974"
}