{
    "plugins": [
        "mobi.monaca.plugins.Monaca",
        "org.apache.cordova.splashscreen",
        "org.apache.cordova.statusbar"
    ],
    "framework_version": "3.5",
    "xcode_version": "6",
    "cordova_version": "3.5",
    "title-ja": "書籍サンプル5-2",
    "title-en": "Sample App 5-2 (Monaca Official Guide)",
    "description-ja": "「クラウドでできるHTML5ハイブリッドアプリ開発入門」にて解説されているサンプルアプリです。\r\n詳細については、https:\/\/ja.monaca.io\/book\/supportを参照してください。\r\n",
    "description-en": "This is a sample application used in the official guide book. \r\nPlease see https:\/\/ja.monaca.io\/book\/support (Japanese) for more information.\r\n",
    "category": "User Template",
    "platform": [
        "android",
        "ios"
    ],
    "name": "generated-1424231090-54c1dc1b657e4d1211163ebe"
}