{
    "plugins": [
        "mobi.monaca.plugins.Monaca",
        "org.apache.cordova.splashscreen",
        "org.apache.cordova.statusbar",
        "org.apache.cordova.geolocation"
    ],
    "framework_version": "3.5",
    "xcode_version": "6",
    "cordova_version": "3.5",
    "title-ja": "書籍サンプル8-1",
    "title-en": "Sample App 8-1 (Monaca Official Guide)",
    "description-ja": "「クラウドでできるHTML5ハイブリッドアプリ開発入門」にて解説されているサンプルアプリです。\r\n詳細については、https:\/\/ja.monaca.io\/book\/supportを参照してください。",
    "description-en": "This is a sample application used in the official guide book. \r\nPlease see https:\/\/ja.monaca.io\/book\/support (Japanese) for more information.",
    "category": "User Template",
    "platform": [
        "android",
        "ios"
    ],
    "name": "generated-1424236403-54c5edb1657e4d433aa889eb"
}